Clase,Archivo,Ancho,Alto,Modo,Formato
EOSINOPHIL,_0_1169.jpeg,320,240,RGB,JPEG
EOSINOPHIL,_0_1414.jpeg,320,240,RGB,JPEG
EOSINOPHIL,_0_207.jpeg,320,240,RGB,JPEG
EOSINOPHIL,_0_2142.jpeg,320,240,RGB,JPEG
EOSINOPHIL,_0_2370.jpeg,320,240,RGB,JPEG
EOSINOPHIL,_0_3072.jpeg,320,240,RGB,JPEG
EOSINOPHIL,_0_4431.jpeg,320,240,RGB,JPEG
EOSINOPHIL,_0_4480.jpeg,320,240,RGB,JPEG
EOSINOPHIL,_0_4574.jpeg,320,240,RGB,JPEG
EOSINOPHIL,_0_4747.jpeg,320,240,RGB,JPEG
EOSINOPHIL,_0_5315.jpeg,320,240,RGB,JPEG
EOSINOPHIL,_0_5472.jpeg,320,240,RGB,JPEG
EOSINOPHIL,_0_5579.jpeg,320,240,RGB,JPEG
EOSINOPHIL,_0_5702.jpeg,320,240,RGB,JPEG
EOSINOPHIL,_0_6060.jpeg,320,240,RGB,JPEG
EOSINOPHIL,_0_6149.jpeg,320,240,RGB,JPEG
EOSINOPHIL,_0_6311.jpeg,320,240,RGB,JPEG
EOSINOPHIL,_0_651.jpeg,320,240,RGB,JPEG
EOSINOPHIL,_0_6628.jpeg,320,240,RGB,JPEG
EOSINOPHIL,_0_6863.jpeg,320,240,RGB,JPEG
EOSINOPHIL,_0_7353.jpeg,320,240,RGB,JPEG
EOSINOPHIL,_0_7445.jpeg,320,240,RGB,JPEG
EOSINOPHIL,_0_7721.jpeg,320,240,RGB,JPEG
EOSINOPHIL,_0_7803.jpeg,320,240,RGB,JPEG
EOSINOPHIL,_0_7902.jpeg,320,240,RGB,JPEG
EOSINOPHIL,_0_797.jpeg,320,240,RGB,JPEG
EOSINOPHIL,_0_7989.jpeg,320,240,RGB,JPEG
EOSINOPHIL,_0_9044.jpeg,320,240,RGB,JPEG
EOSINOPHIL,_0_9188.jpeg,320,240,RGB,JPEG
EOSINOPHIL,_0_9211.jpeg,320,240,RGB,JPEG
EOSINOPHIL,_0_9284.jpeg,320,240,RGB,JPEG
EOSINOPHIL,_0_9508.jpeg,320,240,RGB,JPEG
EOSINOPHIL,_0_9795.jpeg,320,240,RGB,JPEG
EOSINOPHIL,_0_991.jpeg,320,240,RGB,JPEG
EOSINOPHIL,_10_1654.jpeg,320,240,RGB,JPEG
EOSINOPHIL,_10_1702.jpeg,320,240,RGB,JPEG
EOSINOPHIL,_10_1786.jpeg,320,240,RGB,JPEG
EOSINOPHIL,_10_1959.jpeg,320,240,RGB,JPEG
EOSINOPHIL,_10_226.jpeg,320,240,RGB,JPEG
EOSINOPHIL,_10_2291.jpeg,320,240,RGB,JPEG
EOSINOPHIL,_10_2634.jpeg,320,240,RGB,JPEG
EOSINOPHIL,_10_2656.jpeg,320,240,RGB,JPEG
EOSINOPHIL,_10_3040.jpeg,320,240,RGB,JPEG
EOSINOPHIL,_10_324.jpeg,320,240,RGB,JPEG
EOSINOPHIL,_10_3486.jpeg,320,240,RGB,JPEG
EOSINOPHIL,_10_3514.jpeg,320,240,RGB,JPEG
EOSINOPHIL,_10_3660.jpeg,320,240,RGB,JPEG
EOSINOPHIL,_10_3901.jpeg,320,240,RGB,JPEG
EOSINOPHIL,_10_4755.jpeg,320,240,RGB,JPEG
EOSINOPHIL,_10_4811.jpeg,320,240,RGB,JPEG
EOSINOPHIL,_10_4909.jpeg,320,240,RGB,JPEG
EOSINOPHIL,_10_495.jpeg,320,240,RGB,JPEG
EOSINOPHIL,_10_5263.jpeg,320,240,RGB,JPEG
EOSINOPHIL,_10_5540.jpeg,320,240,RGB,JPEG
EOSINOPHIL,_10_5800.jpeg,320,240,RGB,JPEG
EOSINOPHIL,_10_6184.jpeg,320,240,RGB,JPEG
EOSINOPHIL,_10_6436.jpeg,320,240,RGB,JPEG
EOSINOPHIL,_10_6635.jpeg,320,240,RGB,JPEG
EOSINOPHIL,_10_672.jpeg,320,240,RGB,JPEG
EOSINOPHIL,_10_6876.jpeg,320,240,RGB,JPEG
EOSINOPHIL,_10_7316.jpeg,320,240,RGB,JPEG
EOSINOPHIL,_10_7918.jpeg,320,240,RGB,JPEG
EOSINOPHIL,_10_8348.jpeg,320,240,RGB,JPEG
EOSINOPHIL,_10_8350.jpeg,320,240,RGB,JPEG
EOSINOPHIL,_10_8793.jpeg,320,240,RGB,JPEG
EOSINOPHIL,_10_9414.jpeg,320,240,RGB,JPEG
EOSINOPHIL,_10_9573.jpeg,320,240,RGB,JPEG
EOSINOPHIL,_11_1156.jpeg,320,240,RGB,JPEG
EOSINOPHIL,_11_12.jpeg,320,240,RGB,JPEG
EOSINOPHIL,_11_1255.jpeg,320,240,RGB,JPEG
EOSINOPHIL,_11_1293.jpeg,320,240,RGB,JPEG
EOSINOPHIL,_11_2298.jpeg,320,240,RGB,JPEG
EOSINOPHIL,_11_2438.jpeg,320,240,RGB,JPEG
EOSINOPHIL,_11_2454.jpeg,320,240,RGB,JPEG
EOSINOPHIL,_11_2554.jpeg,320,240,RGB,JPEG
EOSINOPHIL,_11_2648.jpeg,320,240,RGB,JPEG
EOSINOPHIL,_11_3744.jpeg,320,240,RGB,JPEG
EOSINOPHIL,_11_4100.jpeg,320,240,RGB,JPEG
EOSINOPHIL,_11_4596.jpeg,320,240,RGB,JPEG
EOSINOPHIL,_11_4728.jpeg,320,240,RGB,JPEG
EOSINOPHIL,_11_4749.jpeg,320,240,RGB,JPEG
EOSINOPHIL,_11_5174.jpeg,320,240,RGB,JPEG
EOSINOPHIL,_11_5440.jpeg,320,240,RGB,JPEG
EOSINOPHIL,_11_5710.jpeg,320,240,RGB,JPEG
EOSINOPHIL,_11_6214.jpeg,320,240,RGB,JPEG
EOSINOPHIL,_11_7013.jpeg,320,240,RGB,JPEG
EOSINOPHIL,_11_7178.jpeg,320,240,RGB,JPEG
EOSINOPHIL,_11_7204.jpeg,320,240,RGB,JPEG
EOSINOPHIL,_11_7293.jpeg,320,240,RGB,JPEG
EOSINOPHIL,_11_7322.jpeg,320,240,RGB,JPEG
EOSINOPHIL,_11_7347.jpeg,320,240,RGB,JPEG
EOSINOPHIL,_11_7615.jpeg,320,240,RGB,JPEG
EOSINOPHIL,_11_8020.jpeg,320,240,RGB,JPEG
EOSINOPHIL,_11_8228.jpeg,320,240,RGB,JPEG
EOSINOPHIL,_11_843.jpeg,320,240,RGB,JPEG
EOSINOPHIL,_11_8723.jpeg,320,240,RGB,JPEG
EOSINOPHIL,_11_8816.jpeg,320,240,RGB,JPEG
EOSINOPHIL,_11_9156.jpeg,320,240,RGB,JPEG
EOSINOPHIL,_11_9187.jpeg,320,240,RGB,JPEG
EOSINOPHIL,_11_9295.jpeg,320,240,RGB,JPEG
LYMPHOCYTE,_0_1063.jpeg,320,240,RGB,JPEG
LYMPHOCYTE,_0_1106.jpeg,320,240,RGB,JPEG
LYMPHOCYTE,_0_1349.jpeg,320,240,RGB,JPEG
LYMPHOCYTE,_0_1437.jpeg,320,240,RGB,JPEG
LYMPHOCYTE,_0_1529.jpeg,320,240,RGB,JPEG
LYMPHOCYTE,_0_1587.jpeg,320,240,RGB,JPEG
LYMPHOCYTE,_0_1726.jpeg,320,240,RGB,JPEG
LYMPHOCYTE,_0_204.jpeg,320,240,RGB,JPEG
LYMPHOCYTE,_0_2045.jpeg,320,240,RGB,JPEG
LYMPHOCYTE,_0_2065.jpeg,320,240,RGB,JPEG
LYMPHOCYTE,_0_2202.jpeg,320,240,RGB,JPEG
LYMPHOCYTE,_0_2322.jpeg,320,240,RGB,JPEG
LYMPHOCYTE,_0_2456.jpeg,320,240,RGB,JPEG
LYMPHOCYTE,_0_2494.jpeg,320,240,RGB,JPEG
LYMPHOCYTE,_0_2533.jpeg,320,240,RGB,JPEG
LYMPHOCYTE,_0_2630.jpeg,320,240,RGB,JPEG
LYMPHOCYTE,_0_2664.jpeg,320,240,RGB,JPEG
LYMPHOCYTE,_0_2667.jpeg,320,240,RGB,JPEG
LYMPHOCYTE,_0_278.jpeg,320,240,RGB,JPEG
LYMPHOCYTE,_0_2790.jpeg,320,240,RGB,JPEG
LYMPHOCYTE,_0_2874.jpeg,320,240,RGB,JPEG
LYMPHOCYTE,_0_2925.jpeg,320,240,RGB,JPEG
LYMPHOCYTE,_0_2963.jpeg,320,240,RGB,JPEG
LYMPHOCYTE,_0_3096.jpeg,320,240,RGB,JPEG
LYMPHOCYTE,_0_3238.jpeg,320,240,RGB,JPEG
LYMPHOCYTE,_0_3250.jpeg,320,240,RGB,JPEG
LYMPHOCYTE,_0_3282.jpeg,320,240,RGB,JPEG
LYMPHOCYTE,_0_3283.jpeg,320,240,RGB,JPEG
LYMPHOCYTE,_0_331.jpeg,320,240,RGB,JPEG
LYMPHOCYTE,_0_3731.jpeg,320,240,RGB,JPEG
LYMPHOCYTE,_0_3855.jpeg,320,240,RGB,JPEG
LYMPHOCYTE,_0_3861.jpeg,320,240,RGB,JPEG
LYMPHOCYTE,_0_3912.jpeg,320,240,RGB,JPEG
LYMPHOCYTE,_0_4061.jpeg,320,240,RGB,JPEG
LYMPHOCYTE,_0_4217.jpeg,320,240,RGB,JPEG
LYMPHOCYTE,_0_4378.jpeg,320,240,RGB,JPEG
LYMPHOCYTE,_0_4438.jpeg,320,240,RGB,JPEG
LYMPHOCYTE,_0_4624.jpeg,320,240,RGB,JPEG
LYMPHOCYTE,_0_4770.jpeg,320,240,RGB,JPEG
LYMPHOCYTE,_0_5066.jpeg,320,240,RGB,JPEG
LYMPHOCYTE,_0_5118.jpeg,320,240,RGB,JPEG
LYMPHOCYTE,_0_5239.jpeg,320,240,RGB,JPEG
LYMPHOCYTE,_0_5313.jpeg,320,240,RGB,JPEG
LYMPHOCYTE,_0_5337.jpeg,320,240,RGB,JPEG
LYMPHOCYTE,_0_5375.jpeg,320,240,RGB,JPEG
LYMPHOCYTE,_0_539.jpeg,320,240,RGB,JPEG
LYMPHOCYTE,_0_5396.jpeg,320,240,RGB,JPEG
LYMPHOCYTE,_0_547.jpeg,320,240,RGB,JPEG
LYMPHOCYTE,_0_5471.jpeg,320,240,RGB,JPEG
LYMPHOCYTE,_0_5500.jpeg,320,240,RGB,JPEG
LYMPHOCYTE,_0_5558.jpeg,320,240,RGB,JPEG
LYMPHOCYTE,_0_5620.jpeg,320,240,RGB,JPEG
LYMPHOCYTE,_0_5654.jpeg,320,240,RGB,JPEG
LYMPHOCYTE,_0_5919.jpeg,320,240,RGB,JPEG
LYMPHOCYTE,_0_5928.jpeg,320,240,RGB,JPEG
LYMPHOCYTE,_0_6087.jpeg,320,240,RGB,JPEG
LYMPHOCYTE,_0_6113.jpeg,320,240,RGB,JPEG
LYMPHOCYTE,_0_6114.jpeg,320,240,RGB,JPEG
LYMPHOCYTE,_0_630.jpeg,320,240,RGB,JPEG
LYMPHOCYTE,_0_6401.jpeg,320,240,RGB,JPEG
LYMPHOCYTE,_0_6419.jpeg,320,240,RGB,JPEG
LYMPHOCYTE,_0_6532.jpeg,320,240,RGB,JPEG
LYMPHOCYTE,_0_6572.jpeg,320,240,RGB,JPEG
LYMPHOCYTE,_0_6575.jpeg,320,240,RGB,JPEG
LYMPHOCYTE,_0_6750.jpeg,320,240,RGB,JPEG
LYMPHOCYTE,_0_687.jpeg,320,240,RGB,JPEG
LYMPHOCYTE,_0_6951.jpeg,320,240,RGB,JPEG
LYMPHOCYTE,_0_7043.jpeg,320,240,RGB,JPEG
LYMPHOCYTE,_0_7065.jpeg,320,240,RGB,JPEG
LYMPHOCYTE,_0_7077.jpeg,320,240,RGB,JPEG
LYMPHOCYTE,_0_7084.jpeg,320,240,RGB,JPEG
LYMPHOCYTE,_0_7141.jpeg,320,240,RGB,JPEG
LYMPHOCYTE,_0_727.jpeg,320,240,RGB,JPEG
LYMPHOCYTE,_0_7412.jpeg,320,240,RGB,JPEG
LYMPHOCYTE,_0_747.jpeg,320,240,RGB,JPEG
LYMPHOCYTE,_0_750.jpeg,320,240,RGB,JPEG
LYMPHOCYTE,_0_7784.jpeg,320,240,RGB,JPEG
LYMPHOCYTE,_0_7993.jpeg,320,240,RGB,JPEG
LYMPHOCYTE,_0_8368.jpeg,320,240,RGB,JPEG
LYMPHOCYTE,_0_842.jpeg,320,240,RGB,JPEG
LYMPHOCYTE,_0_8466.jpeg,320,240,RGB,JPEG
LYMPHOCYTE,_0_8512.jpeg,320,240,RGB,JPEG
LYMPHOCYTE,_0_8586.jpeg,320,240,RGB,JPEG
LYMPHOCYTE,_0_8630.jpeg,320,240,RGB,JPEG
LYMPHOCYTE,_0_8798.jpeg,320,240,RGB,JPEG
LYMPHOCYTE,_0_9024.jpeg,320,240,RGB,JPEG
LYMPHOCYTE,_0_9113.jpeg,320,240,RGB,JPEG
LYMPHOCYTE,_0_918.jpeg,320,240,RGB,JPEG
LYMPHOCYTE,_0_9248.jpeg,320,240,RGB,JPEG
LYMPHOCYTE,_0_967.jpeg,320,240,RGB,JPEG
LYMPHOCYTE,_0_9774.jpeg,320,240,RGB,JPEG
LYMPHOCYTE,_0_9939.jpeg,320,240,RGB,JPEG
LYMPHOCYTE,_10_1015.jpeg,320,240,RGB,JPEG
LYMPHOCYTE,_10_1211.jpeg,320,240,RGB,JPEG
LYMPHOCYTE,_10_1221.jpeg,320,240,RGB,JPEG
LYMPHOCYTE,_10_1293.jpeg,320,240,RGB,JPEG
LYMPHOCYTE,_10_1366.jpeg,320,240,RGB,JPEG
LYMPHOCYTE,_10_1467.jpeg,320,240,RGB,JPEG
LYMPHOCYTE,_10_1668.jpeg,320,240,RGB,JPEG
LYMPHOCYTE,_10_1680.jpeg,320,240,RGB,JPEG
MONOCYTE,_0_1173.jpeg,320,240,RGB,JPEG
MONOCYTE,_0_1276.jpeg,320,240,RGB,JPEG
MONOCYTE,_0_1285.jpeg,320,240,RGB,JPEG
MONOCYTE,_0_1400.jpeg,320,240,RGB,JPEG
MONOCYTE,_0_1483.jpeg,320,240,RGB,JPEG
MONOCYTE,_0_1511.jpeg,320,240,RGB,JPEG
MONOCYTE,_0_1579.jpeg,320,240,RGB,JPEG
MONOCYTE,_0_1582.jpeg,320,240,RGB,JPEG
MONOCYTE,_0_1683.jpeg,320,240,RGB,JPEG
MONOCYTE,_0_1737.jpeg,320,240,RGB,JPEG
MONOCYTE,_0_1786.jpeg,320,240,RGB,JPEG
MONOCYTE,_0_180.jpeg,320,240,RGB,JPEG
MONOCYTE,_0_1814.jpeg,320,240,RGB,JPEG
MONOCYTE,_0_1825.jpeg,320,240,RGB,JPEG
MONOCYTE,_0_185.jpeg,320,240,RGB,JPEG
MONOCYTE,_0_2154.jpeg,320,240,RGB,JPEG
MONOCYTE,_0_2170.jpeg,320,240,RGB,JPEG
MONOCYTE,_0_2188.jpeg,320,240,RGB,JPEG
MONOCYTE,_0_2202.jpeg,320,240,RGB,JPEG
MONOCYTE,_0_2232.jpeg,320,240,RGB,JPEG
MONOCYTE,_0_2321.jpeg,320,240,RGB,JPEG
MONOCYTE,_0_2420.jpeg,320,240,RGB,JPEG
MONOCYTE,_0_2477.jpeg,320,240,RGB,JPEG
MONOCYTE,_0_2491.jpeg,320,240,RGB,JPEG
MONOCYTE,_0_2522.jpeg,320,240,RGB,JPEG
MONOCYTE,_0_2571.jpeg,320,240,RGB,JPEG
MONOCYTE,_0_260.jpeg,320,240,RGB,JPEG
MONOCYTE,_0_2610.jpeg,320,240,RGB,JPEG
MONOCYTE,_0_2648.jpeg,320,240,RGB,JPEG
MONOCYTE,_0_2783.jpeg,320,240,RGB,JPEG
MONOCYTE,_0_2814.jpeg,320,240,RGB,JPEG
MONOCYTE,_0_2936.jpeg,320,240,RGB,JPEG
MONOCYTE,_0_2955.jpeg,320,240,RGB,JPEG
MONOCYTE,_0_3066.jpeg,320,240,RGB,JPEG
MONOCYTE,_0_3091.jpeg,320,240,RGB,JPEG
MONOCYTE,_0_3191.jpeg,320,240,RGB,JPEG
MONOCYTE,_0_3238.jpeg,320,240,RGB,JPEG
MONOCYTE,_0_3455.jpeg,320,240,RGB,JPEG
MONOCYTE,_0_3464.jpeg,320,240,RGB,JPEG
MONOCYTE,_0_3522.jpeg,320,240,RGB,JPEG
MONOCYTE,_0_3605.jpeg,320,240,RGB,JPEG
MONOCYTE,_0_3743.jpeg,320,240,RGB,JPEG
MONOCYTE,_0_375.jpeg,320,240,RGB,JPEG
MONOCYTE,_0_3861.jpeg,320,240,RGB,JPEG
MONOCYTE,_0_3912.jpeg,320,240,RGB,JPEG
MONOCYTE,_0_3998.jpeg,320,240,RGB,JPEG
MONOCYTE,_0_4033.jpeg,320,240,RGB,JPEG
MONOCYTE,_0_4059.jpeg,320,240,RGB,JPEG
MONOCYTE,_0_4102.jpeg,320,240,RGB,JPEG
MONOCYTE,_0_4123.jpeg,320,240,RGB,JPEG
MONOCYTE,_0_4225.jpeg,320,240,RGB,JPEG
MONOCYTE,_0_4296.jpeg,320,240,RGB,JPEG
MONOCYTE,_0_435.jpeg,320,240,RGB,JPEG
MONOCYTE,_0_4407.jpeg,320,240,RGB,JPEG
MONOCYTE,_0_4446.jpeg,320,240,RGB,JPEG
MONOCYTE,_0_4528.jpeg,320,240,RGB,JPEG
MONOCYTE,_0_453.jpeg,320,240,RGB,JPEG
MONOCYTE,_0_4560.jpeg,320,240,RGB,JPEG
MONOCYTE,_0_4563.jpeg,320,240,RGB,JPEG
MONOCYTE,_0_4650.jpeg,320,240,RGB,JPEG
MONOCYTE,_0_4667.jpeg,320,240,RGB,JPEG
MONOCYTE,_0_4715.jpeg,320,240,RGB,JPEG
MONOCYTE,_0_4745.jpeg,320,240,RGB,JPEG
MONOCYTE,_0_4762.jpeg,320,240,RGB,JPEG
MONOCYTE,_0_4778.jpeg,320,240,RGB,JPEG
MONOCYTE,_0_4791.jpeg,320,240,RGB,JPEG
MONOCYTE,_0_4862.jpeg,320,240,RGB,JPEG
MONOCYTE,_0_4872.jpeg,320,240,RGB,JPEG
MONOCYTE,_0_4881.jpeg,320,240,RGB,JPEG
MONOCYTE,_0_4884.jpeg,320,240,RGB,JPEG
MONOCYTE,_0_4925.jpeg,320,240,RGB,JPEG
MONOCYTE,_0_494.jpeg,320,240,RGB,JPEG
MONOCYTE,_0_5029.jpeg,320,240,RGB,JPEG
MONOCYTE,_0_5074.jpeg,320,240,RGB,JPEG
MONOCYTE,_0_508.jpeg,320,240,RGB,JPEG
MONOCYTE,_0_5081.jpeg,320,240,RGB,JPEG
MONOCYTE,_0_5144.jpeg,320,240,RGB,JPEG
MONOCYTE,_0_5156.jpeg,320,240,RGB,JPEG
MONOCYTE,_0_5200.jpeg,320,240,RGB,JPEG
MONOCYTE,_0_5209.jpeg,320,240,RGB,JPEG
MONOCYTE,_0_5226.jpeg,320,240,RGB,JPEG
MONOCYTE,_0_5241.jpeg,320,240,RGB,JPEG
MONOCYTE,_0_527.jpeg,320,240,RGB,JPEG
MONOCYTE,_0_5327.jpeg,320,240,RGB,JPEG
MONOCYTE,_0_5448.jpeg,320,240,RGB,JPEG
MONOCYTE,_0_5486.jpeg,320,240,RGB,JPEG
MONOCYTE,_0_563.jpeg,320,240,RGB,JPEG
MONOCYTE,_0_5674.jpeg,320,240,RGB,JPEG
MONOCYTE,_0_5709.jpeg,320,240,RGB,JPEG
MONOCYTE,_0_5796.jpeg,320,240,RGB,JPEG
MONOCYTE,_0_5848.jpeg,320,240,RGB,JPEG
MONOCYTE,_0_5888.jpeg,320,240,RGB,JPEG
MONOCYTE,_0_5942.jpeg,320,240,RGB,JPEG
MONOCYTE,_0_6017.jpeg,320,240,RGB,JPEG
MONOCYTE,_0_6035.jpeg,320,240,RGB,JPEG
MONOCYTE,_0_620.jpeg,320,240,RGB,JPEG
MONOCYTE,_0_6229.jpeg,320,240,RGB,JPEG
MONOCYTE,_0_6256.jpeg,320,240,RGB,JPEG
MONOCYTE,_0_635.jpeg,320,240,RGB,JPEG
MONOCYTE,_0_6357.jpeg,320,240,RGB,JPEG
NEUTROPHIL,_0_1095.jpeg,320,240,RGB,JPEG
NEUTROPHIL,_0_1986.jpeg,320,240,RGB,JPEG
NEUTROPHIL,_0_2400.jpeg,320,240,RGB,JPEG
NEUTROPHIL,_0_292.jpeg,320,240,RGB,JPEG
NEUTROPHIL,_0_4212.jpeg,320,240,RGB,JPEG
NEUTROPHIL,_0_4620.jpeg,320,240,RGB,JPEG
NEUTROPHIL,_0_4628.jpeg,320,240,RGB,JPEG
NEUTROPHIL,_0_4888.jpeg,320,240,RGB,JPEG
NEUTROPHIL,_0_4892.jpeg,320,240,RGB,JPEG
NEUTROPHIL,_0_5763.jpeg,320,240,RGB,JPEG
NEUTROPHIL,_0_6879.jpeg,320,240,RGB,JPEG
NEUTROPHIL,_0_7337.jpeg,320,240,RGB,JPEG
NEUTROPHIL,_0_8081.jpeg,320,240,RGB,JPEG
NEUTROPHIL,_0_9495.jpeg,320,240,RGB,JPEG
NEUTROPHIL,_0_9649.jpeg,320,240,RGB,JPEG
NEUTROPHIL,_0_9742.jpeg,320,240,RGB,JPEG
NEUTROPHIL,_100_1346.jpeg,320,240,RGB,JPEG
NEUTROPHIL,_100_2280.jpeg,320,240,RGB,JPEG
NEUTROPHIL,_100_239.jpeg,320,240,RGB,JPEG
NEUTROPHIL,_100_2738.jpeg,320,240,RGB,JPEG
NEUTROPHIL,_100_3946.jpeg,320,240,RGB,JPEG
NEUTROPHIL,_100_5243.jpeg,320,240,RGB,JPEG
NEUTROPHIL,_100_5599.jpeg,320,240,RGB,JPEG
NEUTROPHIL,_100_7065.jpeg,320,240,RGB,JPEG
NEUTROPHIL,_100_7356.jpeg,320,240,RGB,JPEG
NEUTROPHIL,_100_7387.jpeg,320,240,RGB,JPEG
NEUTROPHIL,_100_7989.jpeg,320,240,RGB,JPEG
NEUTROPHIL,_100_8557.jpeg,320,240,RGB,JPEG
NEUTROPHIL,_100_8625.jpeg,320,240,RGB,JPEG
NEUTROPHIL,_100_8776.jpeg,320,240,RGB,JPEG
NEUTROPHIL,_100_8981.jpeg,320,240,RGB,JPEG
NEUTROPHIL,_100_9302.jpeg,320,240,RGB,JPEG
NEUTROPHIL,_101_137.jpeg,320,240,RGB,JPEG
NEUTROPHIL,_101_227.jpeg,320,240,RGB,JPEG
NEUTROPHIL,_101_4268.jpeg,320,240,RGB,JPEG
NEUTROPHIL,_101_4604.jpeg,320,240,RGB,JPEG
NEUTROPHIL,_101_4948.jpeg,320,240,RGB,JPEG
NEUTROPHIL,_101_5796.jpeg,320,240,RGB,JPEG
NEUTROPHIL,_101_6632.jpeg,320,240,RGB,JPEG
NEUTROPHIL,_101_7628.jpeg,320,240,RGB,JPEG
NEUTROPHIL,_101_7927.jpeg,320,240,RGB,JPEG
NEUTROPHIL,_101_823.jpeg,320,240,RGB,JPEG
NEUTROPHIL,_101_837.jpeg,320,240,RGB,JPEG
NEUTROPHIL,_101_8501.jpeg,320,240,RGB,JPEG
NEUTROPHIL,_101_8650.jpeg,320,240,RGB,JPEG
NEUTROPHIL,_101_8990.jpeg,320,240,RGB,JPEG
NEUTROPHIL,_101_9077.jpeg,320,240,RGB,JPEG
NEUTROPHIL,_101_9225.jpeg,320,240,RGB,JPEG
NEUTROPHIL,_102_1698.jpeg,320,240,RGB,JPEG
NEUTROPHIL,_102_2561.jpeg,320,240,RGB,JPEG
NEUTROPHIL,_102_3201.jpeg,320,240,RGB,JPEG
NEUTROPHIL,_102_3363.jpeg,320,240,RGB,JPEG
NEUTROPHIL,_102_3425.jpeg,320,240,RGB,JPEG
NEUTROPHIL,_102_343.jpeg,320,240,RGB,JPEG
NEUTROPHIL,_102_3457.jpeg,320,240,RGB,JPEG
NEUTROPHIL,_102_3524.jpeg,320,240,RGB,JPEG
NEUTROPHIL,_102_4769.jpeg,320,240,RGB,JPEG
NEUTROPHIL,_102_488.jpeg,320,240,RGB,JPEG
NEUTROPHIL,_102_5136.jpeg,320,240,RGB,JPEG
NEUTROPHIL,_102_5518.jpeg,320,240,RGB,JPEG
NEUTROPHIL,_102_620.jpeg,320,240,RGB,JPEG
NEUTROPHIL,_102_7087.jpeg,320,240,RGB,JPEG
NEUTROPHIL,_102_8506.jpeg,320,240,RGB,JPEG
NEUTROPHIL,_102_9460.jpeg,320,240,RGB,JPEG
NEUTROPHIL,_103_1175.jpeg,320,240,RGB,JPEG
NEUTROPHIL,_103_1252.jpeg,320,240,RGB,JPEG
NEUTROPHIL,_103_1641.jpeg,320,240,RGB,JPEG
NEUTROPHIL,_103_1680.jpeg,320,240,RGB,JPEG
NEUTROPHIL,_103_2333.jpeg,320,240,RGB,JPEG
NEUTROPHIL,_103_3454.jpeg,320,240,RGB,JPEG
NEUTROPHIL,_103_3982.jpeg,320,240,RGB,JPEG
NEUTROPHIL,_103_4535.jpeg,320,240,RGB,JPEG
NEUTROPHIL,_103_5004.jpeg,320,240,RGB,JPEG
NEUTROPHIL,_103_514.jpeg,320,240,RGB,JPEG
NEUTROPHIL,_103_5214.jpeg,320,240,RGB,JPEG
NEUTROPHIL,_103_6756.jpeg,320,240,RGB,JPEG
NEUTROPHIL,_103_7266.jpeg,320,240,RGB,JPEG
NEUTROPHIL,_103_852.jpeg,320,240,RGB,JPEG
NEUTROPHIL,_103_8558.jpeg,320,240,RGB,JPEG
NEUTROPHIL,_103_9937.jpeg,320,240,RGB,JPEG
NEUTROPHIL,_104_3323.jpeg,320,240,RGB,JPEG
NEUTROPHIL,_104_3511.jpeg,320,240,RGB,JPEG
NEUTROPHIL,_104_4451.jpeg,320,240,RGB,JPEG
NEUTROPHIL,_104_4602.jpeg,320,240,RGB,JPEG
NEUTROPHIL,_104_5344.jpeg,320,240,RGB,JPEG
NEUTROPHIL,_104_5562.jpeg,320,240,RGB,JPEG
NEUTROPHIL,_104_5730.jpeg,320,240,RGB,JPEG
NEUTROPHIL,_104_6706.jpeg,320,240,RGB,JPEG
NEUTROPHIL,_104_7566.jpeg,320,240,RGB,JPEG
NEUTROPHIL,_104_781.jpeg,320,240,RGB,JPEG
NEUTROPHIL,_104_7854.jpeg,320,240,RGB,JPEG
NEUTROPHIL,_104_8533.jpeg,320,240,RGB,JPEG
NEUTROPHIL,_104_922.jpeg,320,240,RGB,JPEG
NEUTROPHIL,_104_9353.jpeg,320,240,RGB,JPEG
NEUTROPHIL,_104_96.jpeg,320,240,RGB,JPEG
NEUTROPHIL,_104_9961.jpeg,320,240,RGB,JPEG
NEUTROPHIL,_105_1377.jpeg,320,240,RGB,JPEG
NEUTROPHIL,_105_1784.jpeg,320,240,RGB,JPEG
NEUTROPHIL,_105_2511.jpeg,320,240,RGB,JPEG
NEUTROPHIL,_105_3041.jpeg,320,240,RGB,JPEG
